Team,Accuracy
Team4,51.3792142658122
TeamXX,46.976873780997494
Team8,46.97687378099749
